"tweet_id","in_reply_to_status_id","in_reply_to_user_id","timestamp","source","text","retweeted_status_id","retweeted_status_user_id","retweeted_status_timestamp","expanded_urls"
"995025694626201600","","","2018-05-11 19:39:46 +0000","<a href=""http://twitter.com"" rel=""nofollow"">Twitter Web Client</a>","ã¾ã•ã‹ï¼ã‚¦ãƒ«ãƒœãƒ¼ã‚°å¾©åˆ»æ±ºå®šï¼Ÿ
#ãƒ™ã‚¤ãƒ–ãƒ¬ãƒ¼ãƒ‰ãƒãƒ¼ã‚¹ãƒˆ
#çˆ†è»¢ã‚·ãƒ¥ãƒ¼ãƒˆãƒ™ã‚¤ãƒ–ãƒ¬ãƒ¼ãƒ‰ https://t.co/R6MuONzsdP","","","","https://twitter.com/trademark_bot/status/994915030574526465"
"982829681631096832","982789109973266432","760386827110920192","2018-04-08 03:57:10 +0000","<a href=""http://twitter.com/download/iphone"" rel=""nofollow"">Twitter for iPhone</a>","@IM7t41 ã”æŒ‡æ‘˜ã‚ã‚ŠãŒã¨ã†ã”ã–ã„ã¾ã™","","","",""
"982673405148250112","982673158019796993","763973256315412482","2018-04-07 17:36:11 +0000","<a href=""http://twitter.com"" rel=""nofollow"">Twitter Web Client</a>","è‰²ï¼š
WVãƒ»8ãƒ»Grï¼ˆé»’ï¼‰
ZAãƒ»4ãƒ»Dsï¼ˆæ¿ƒã„é’ï¼‰
EFãƒ»7ãƒ»Ztï¼ˆèŒ¶ï¼Ÿï¼‰
SXãƒ»5Bï¼ˆé»’ï¼Ÿï¼‰ãƒ»Atï¼ˆé’ç·‘ï¼‰
SRãƒ»6Mï¼ˆé»„ç·‘ï¼‰ãƒ»Irï¼ˆé’ç·‘ï¼‰
L2ãƒ»2Rï¼ˆé’ï¼‰ãƒ»Mrï¼ˆèµ¤ï¼‰
LSãƒ»0Uï¼ˆç™½ï¼‰ãƒ»Ntï¼ˆèŒ¶ï¼‰
#ãƒ™ã‚¤ãƒ–ãƒ¬ãƒ¼ãƒ‰ãƒãƒ¼ã‚¹ãƒˆ","","","",""
"982672317011525632","982672153945325569","763973256315412482","2018-04-07 17:31:52 +0000","<a href=""http://twitter.com"" rel=""nofollow"">Twitter Web Client</a>","ã‚ãŸã‚Šï¼šã‚¯ãƒ©ãƒƒã‚·ãƒ¥ãƒ©ã‚°ãƒŠãƒ«ã‚¯ãƒ»11Rãƒ»Wd
Rã¯ãƒªãƒ¼ãƒ","","","",""
"982672153945325569","","","2018-04-07 17:31:13 +0000","<a href=""http://twitter.com"" rel=""nofollow"">Twitter Web Client</a>","ãƒ©ãƒ³ãƒ€ãƒ ãƒ–ãƒ¼ã‚¹ã‚¿ãƒ¼10ã€€ãƒ©ã‚¤ãƒ³ã‚¢ãƒƒãƒ—

ã‚¦ã‚¤ãƒ‹ãƒ³ã‚°ãƒ´ã‚¡ãƒ«ã‚­ãƒªãƒ¼ãƒ»8ãƒ»Gr
ã‚¼ãƒƒãƒˆã‚¢ã‚­ãƒ¬ã‚¹ãƒ»4ãƒ»Ds
ã‚¨ãƒ³ãƒšãƒ©ãƒ¼ãƒ•ã‚©ãƒ«ãƒã‚¦ã‚¹ãƒ»7ãƒ»Zt
ã‚¸ãƒ¼ã‚¯ã‚¨ã‚¯ã‚¹ã‚«ãƒªãƒãƒ¼ãƒ»5Bãƒ»At
ã‚¹ãƒ—ãƒªã‚¬ãƒ³ãƒ¬ã‚¯ã‚¤ã‚¨ãƒ ãƒ»6Mãƒ»Ir
ãƒ­ã‚¹ãƒˆãƒ­ãƒ³ã‚®ãƒŒã‚¹ãƒ»2Rãƒ»Mr
ã‚¹ãƒ—ãƒªã‚¬ãƒ³ãƒ¬ã‚¯ã‚¤ã‚¨ãƒ ãƒ»0Uãƒ»Nt

#ãƒ™ã‚¤ãƒ–ãƒ¬ãƒ¼ãƒ‰ãƒãƒ¼ã‚¹ãƒˆ #ãƒ©ãƒ³ãƒ–ãƒ¼","","","",""
"974171340541386752","","","2018-03-15 06:32:01 +0000","<a href=""http://twitter.com"" rel=""nofollow"">Twitter Web Client</a>","æ–°G4å¤§ä¼šæ™¯å“ã€€ã‚¨ãƒ³ãƒšãƒ©ãƒ¼ãƒ•ã‚©ãƒ«ãƒã‚¦ã‚¹ã€€ã‚´ãƒ¼ãƒ«ãƒ‰ #ãƒ™ã‚¤ãƒ–ãƒ¬ãƒ¼ãƒ‰ãƒãƒ¼ã‚¹ãƒˆ https://t.co/mZEmv7RDZp","","","","https://twitter.com/vocarevoproj/status/974171340541386752/photo/1,https://twitter.com/vocarevoproj/status/974171340541386752/photo/1,https://twitter.com/vocarevoproj/status/974171340541386752/photo/1"
"952183009343504384","952137604153200641","2897498086","2018-01-13 14:18:14 +0000","<a href=""http://twitter.com/download/iphone"" rel=""nofollow"">Twitter for iPhone</a>","@Aggregor941 It seems bearing is still a better choice","","","",""
"951819454295322624","951816324749049857","935502656872759296","2018-01-12 14:13:36 +0000","<a href=""http://twitter.com/download/iphone"" rel=""nofollow"">Twitter for iPhone</a>","@torodon_don å•é¡Œã‚ã‚Šã¾ã›ã‚“","","","",""
"951815468137906176","951810160984379392","843837158204952577","2018-01-12 13:57:46 +0000","<a href=""http://twitter.com/download/iphone"" rel=""nofollow"">Twitter for iPhone</a>","@X2_a10mi ãƒ–ãƒ©ãƒƒã‚¯ãŒã„ã„","","","",""
"951814539628064770","951813285757816834","915360597235003392","2018-01-12 13:54:04 +0000","<a href=""http://twitter.com/download/iphone"" rel=""nofollow"">Twitter for iPhone</a>","@Nemesia06228121 ãƒ™ã‚¢ãƒªãƒ³ã‚°ã‚ˆã‚Šã‚‚è‰¯ã„ã§ã—ã‚‡ã†ã‹ï¼Ÿ","","","",""
"951813887715782657","951813347799851008","738315868573028352","2018-01-12 13:51:29 +0000","<a href=""http://twitter.com/download/iphone"" rel=""nofollow"">Twitter for iPhone</a>","@HitBBB å•é¡Œã‚ã‚Šã¾ã›ã‚“","","","",""
"951812690829193216","951810503218577409","1186126627","2018-01-12 13:46:43 +0000","<a href=""http://twitter.com"" rel=""nofollow"">Twitter Web Client</a>","@tight1130 2æœˆä¸‹æ—¬ç™ºå£²ã¨æ€ã†","","","",""
"951809524716859393","951808548735864834","1186126627","2018-01-12 13:34:09 +0000","<a href=""http://twitter.com/download/iphone"" rel=""nofollow"">Twitter for iPhone</a>","@tight1130 å•é¡Œã‚ã‚Šã¾ã›ã‚“","","","",""
"951808788972978176","951806129096376320","888695018667388928","2018-01-12 13:31:13 +0000","<a href=""http://twitter.com/download/iphone"" rel=""nofollow"">Twitter for iPhone</a>","@WBA3130 æ–°ã‚·ãƒ¼ãƒªã‚º3æœˆã‚¹ã‚¿ãƒ¼ãƒˆ","","","",""
"951808160695595009","951807215026884610","878914436949397506","2018-01-12 13:28:43 +0000","<a href=""http://twitter.com/download/iphone"" rel=""nofollow"">Twitter for iPhone</a>","@detectiveblader å•é¡Œã‚ã‚Šã¾ã›ã‚“","","","",""
"951804827805278209","","","2018-01-12 13:15:29 +0000","<a href=""http://twitter.com"" rel=""nofollow"">Twitter Web Client</a>","ç¥ãƒ¬ã‚¤ãƒ¤ãƒ¼ã‚·ãƒªãƒ¼ã‚ºã€€æœ€å¾Œãƒ–ãƒ¼ã‚¹ã‚¿ãƒ¼
ã‚¹ã‚¯ãƒªãƒ¥ãƒ¼ãƒˆãƒ©ã‚¤ãƒ‡ãƒ³ãƒˆãƒ»ï¼˜Bãƒ»Wd
#ãƒ™ã‚¤ãƒ–ãƒ¬ãƒ¼ãƒ‰ãƒãƒ¼ã‚¹ãƒˆ https://t.co/7YzeHVkKIB","","","","https://twitter.com/vocarevoproj/status/951804827805278209/photo/1,https://twitter.com/vocarevoproj/status/951804827805278209/photo/1"
"940973495055400961","940962460353273856","940869943108698112","2017-12-13 15:55:38 +0000","<a href=""http://twitter.com"" rel=""nofollow"">Twitter Web Client</a>","@Freezehimazin ã‚¿ã‚«ãƒ©ãƒˆãƒŸãƒ¼ãƒ¢ãƒ¼ãƒ« ï¼ˆã€Œé™å®šå…¬é–‹ã€ã§ã™ï¼‰","","","",""
"940917835219443712","940902849927512065","908959721687629825","2017-12-13 12:14:27 +0000","<a href=""http://twitter.com"" rel=""nofollow"">Twitter Web Client</a>","@Hcc5S @Ronoru8X_R516 åŒã˜å½¢â†’åŒã˜ãƒ•ãƒ¬ãƒ¼ãƒ ã ã¨æ€ã† https://t.co/ylrCavLkUM","","","","https://twitter.com/vocarevoproj/status/940917835219443712/photo/1,https://twitter.com/vocarevoproj/status/940917835219443712/photo/1"
"940916003566862336","940890821070503936","847050130712768512","2017-12-13 12:07:11 +0000","<a href=""http://twitter.com"" rel=""nofollow"">Twitter Web Client</a>","@Ronoru8X_R516 ã‚½ãƒ¼ã‚¹ï¼šhttps://t.co/5Uei74AqJx","","","","https://ameblo.jp/egnat/entry-12335067974.html"
"940878399035277318","940870216321560576","1186126627","2017-12-13 09:37:45 +0000","<a href=""http://twitter.com/download/iphone"" rel=""nofollow"">Twitter for iPhone</a>","@tight1130 å•é¡Œã‚ã‚Šã¾ã›ã‚“","","","",""
"940876063273517056","","","2017-12-13 09:28:28 +0000","<a href=""http://twitter.com/download/iphone"" rel=""nofollow"">Twitter for iPhone</a>","ãƒ©ãƒ³ãƒ–ãƒ¼9ã®ãƒ™ã‚¤ã®é«˜ç”»è³ªç”»åƒ

https://t.co/iVjUgFtvpQ
https://t.co/u0Sljfs0Kc
https://t.co/OqGIonWyH0
https://t.co/gFAmvW7yCm
https://t.co/J9lPVD3yj2
https://t.co/UEJwyTeQSp
https://t.co/IkPSqPUHzn
https://t.co/LPjcE7tI28

#ãƒ™ã‚¤ãƒ–ãƒ¬ãƒ¼ãƒ‰ãƒãƒ¼ã‚¹ãƒˆ 
#ãƒ‰ãƒ©ãƒ³ã‚¶ãƒ¼f 
#ãƒ“ãƒ¼ãƒˆã‚¯ã‚¯ãƒ«ã‚«ãƒ³","","","","http://dmwysfovhyfx3.cloudfront.net/img/goods/1/4904810971375.jpg,http://dmwysfovhyfx3.cloudfront.net/img/goods/2/4904810971375.jpg,http://dmwysfovhyfx3.cloudfront.net/img/goods/3/4904810971375.jpg,http://dmwysfovhyfx3.cloudfront.net/img/goods/4/4904810971375.jpg,http://dmwysfovhyfx3.cloudfront.net/img/goods/L/4904810971375.jpg,http://dmwysfovhyfx3.cloudfront.net/img/goods/C/4904810971375.jpg,http://dmwysfovhyfx3.cloudfront.net/img/goods/7/4904810971375.jpg,http://dmwysfovhyfx3.cloudfront.net/img/goods/8/4904810971375.jpg"
"940732869617401856","940607528441749504","935502656872759296","2017-12-12 23:59:28 +0000","<a href=""http://twitter.com/download/iphone"" rel=""nofollow"">Twitter for iPhone</a>","@torodon_don @DRANZER_ITUKI å•é¡Œã‚ã‚Šã¾ã›ã‚“","","","",""
"940558257667448840","940548648387207168","2897498086","2017-12-12 12:25:38 +0000","<a href=""http://twitter.com/download/iphone"" rel=""nofollow"">Twitter for iPhone</a>","@Aggregor941 This is the 7th colour.","","","",""
"940504312152653825","","","2017-12-12 08:51:16 +0000","<a href=""http://twitter.com"" rel=""nofollow"">Twitter Web Client</a>","ãƒ©ãƒ³ãƒ€ãƒ ãƒ–ãƒ¼ã‚¹ã‚¿ãƒ¼ï¼™

#ã‚¨ãƒƒã‚¸ãƒ‰ãƒ©ã‚¤ãƒãƒ¼
#ãƒ“ãƒ¼ãƒˆã‚¯ã‚¯ãƒ«ã‚«ãƒ³
#ãƒ‰ãƒ©ãƒ³ã‚¶ãƒ¼ãƒ•ãƒ¬ã‚¤ãƒ 
#ãƒ‰ãƒ©ãƒ³ã‚¶ãƒ¼F
#ãƒ™ã‚¤ãƒ–ãƒ¬ãƒ¼ãƒ‰ãƒãƒ¼ã‚¹ãƒˆ https://t.co/paRbVQkuQr","","","","https://twitter.com/vocarevoproj/status/940504312152653825/photo/1"
"939155867227656192","939153568363200512","763973256315412482","2017-12-08 15:33:02 +0000","<a href=""http://twitter.com"" rel=""nofollow"">Twitter Web Client</a>","ç”»åƒ
https://t.co/tAPYBvPmxq

#ãƒ©ãƒ³ãƒ–ãƒ¼ #ãƒ©ãƒ³ãƒ€ãƒ ãƒ–ãƒ¼ã‚¹ã‚¿ãƒ¼ 
#ãƒ“ãƒ¼ãƒˆã‚¯ã‚¯ãƒ«ã‚«ãƒ³ #ãƒ‰ãƒ©ãƒ³ã‚¶ãƒ¼ãƒ•ãƒ¬ã‚¤ãƒ  #ãƒ‰ãƒ©ãƒ³ã‚¶ãƒ¼F","","","","https://scontent-atl3-1.xx.fbcdn.net/v/t1.0-9/24774981_1561402017300460_4583233259682502251_n.jpg?oh=b2ba97763be4f1f3a16aca328e7b6812&oe=5AD038F7"
"939153724135444487","939141227848413184","844547668319752192","2017-12-08 15:24:31 +0000","<a href=""http://twitter.com"" rel=""nofollow"">Twitter Web Client</a>","@Ilove__TAKUAN ãƒ‡ã‚¶ã‚¤ãƒ³ã‚³ãƒ³ãƒ†ã‚¹ãƒˆãƒ™ã‚¤ã‚‚å¯èƒ½ã§ã™","","","",""
"939153568363200512","","","2017-12-08 15:23:53 +0000","<a href=""http://twitter.com"" rel=""nofollow"">Twitter Web Client</a>","ãƒ©ãƒ³ãƒ€ãƒ ãƒ–ãƒ¼ã‚¹ã‚¿ãƒ¼ï¼™ã€€å†…å®¹
ã€‚ã€€ãƒ“ãƒ¼ãƒˆã‚¯ã‚¯ãƒ«ã‚«ãƒ³
ã€‚ã€€ãƒãƒƒãƒ‰ãƒŸãƒãƒœãƒ­ã‚¹
ã€‚ã€€ã‚®ã‚¬ãƒ³ãƒˆã‚¬ã‚¤ã‚¢
ã€‚ã€€ã‚¯ãƒ©ã‚¤ã‚¹ã‚µã‚¿ãƒ³
ã€‚ã€€ã‚¬ãƒ¼ãƒ‡ã‚£ã‚¢ãƒ³ã‚±ãƒ«ãƒ™ã‚¦ã‚¹
ã€‚ã€€ãƒ–ãƒ©ã‚¹ãƒˆã‚¸ãƒ‹ã‚¦ã‚¹
ã€‚ã€€ãƒ´ã‚¡ãƒ«ã‚­ãƒªãƒ¼
ã€‚ã€€ãƒ‰ãƒ©ãƒ³ã‚¶ãƒ¼ãƒ•ãƒ¬ã‚¤ãƒ 

#ãƒ™ã‚¤ãƒ–ãƒ¬ãƒ¼ãƒ‰ãƒãƒ¼ã‚¹ãƒˆã€€#ãƒ©ãƒ³ãƒ–ãƒ¼","","","",""
"938743844287365120","","","2017-12-07 12:15:48 +0000","<a href=""http://twitter.com"" rel=""nofollow"">Twitter Web Client</a>","æœ€å¾Œã®ã‚´ãƒƒãƒ‰ãƒ¬ã‚¤ãƒ¤ãƒ¼ï¼Ÿ
#ãƒ™ã‚¤ãƒ–ãƒ¬ãƒ¼ãƒ‰ãƒãƒ¼ã‚¹ãƒˆ https://t.co/YPOGKWpXWT","","","","https://twitter.com/detectiveblader/status/938741650473369601"
"938018889761300482","","","2017-12-05 12:15:05 +0000","<a href=""http://twitter.com"" rel=""nofollow"">Twitter Web Client</a>","å‚è€ƒã®ãŸã‚
#ãƒ™ã‚¤ãƒ–ãƒ¬ãƒ¼ãƒ‰ãƒãƒ¼ã‚¹ãƒˆ
#ãƒ„ã‚¤ãƒ³ãƒãƒ¡ã‚·ã‚¹ https://t.co/lzTgVmDUsy","","","","https://twitter.com/LbTakumi/status/936924960194314241"
"938017364628533248","937960128036290560","4832709279","2017-12-05 12:09:01 +0000","<a href=""http://twitter.com"" rel=""nofollow"">Twitter Web Client</a>","@shoya_mylife ã¿ã‚“ãªã®ãŸã‚ã«","","","",""
"937652412088594438","937497904574373888","3582584959","2017-12-04 11:58:50 +0000","<a href=""http://twitter.com"" rel=""nofollow"">Twitter Web Client</a>","@WBOVikram Lottery available in January","","","",""
"937337935736709121","","","2017-12-03 15:09:13 +0000","<a href=""http://twitter.com"" rel=""nofollow"">Twitter Web Client</a>","ãƒ•ãƒªãƒ¼ã®ãƒ©ãƒ³ãƒãƒ£ãƒ¼ 
ãƒ‰ãƒ¬ã‚¤ãƒ³ãƒ•ã‚¡ãƒ–ãƒ‹ãƒ«ã€€ã‚¯ãƒªãƒ ã‚¾ãƒ³ãƒ¬ãƒƒãƒ‰ã€€ã‚¯ãƒªã‚¹ã‚¿ãƒ«ãƒ–ãƒ«ãƒ¼ã€€
#ã¿ã‚“ãªã®ãã˜ #ãƒ™ã‚¤ãƒ–ãƒ¬ãƒ¼ãƒ‰ãƒãƒ¼ã‚¹ãƒˆ https://t.co/8DeoUa7R0X","","","","https://twitter.com/vocarevoproj/status/937337935736709121/photo/1,https://twitter.com/vocarevoproj/status/937337935736709121/photo/1,https://twitter.com/vocarevoproj/status/937337935736709121/photo/1"
"937337117536952321","937336380710981632","858171892619804672","2017-12-03 15:05:58 +0000","<a href=""http://twitter.com"" rel=""nofollow"">Twitter Web Client</a>","@tototoshe ã™ã¹ã¦ã®ãƒ‘ãƒ¼ãƒ„ãŒæ–°ã—ã„ã€€å¬‰ã—ã„ã­ã€œ","","","",""
"937335481636810753","","","2017-12-03 14:59:28 +0000","<a href=""http://twitter.com"" rel=""nofollow"">Twitter Web Client</a>","ãƒ€ãƒ–ãƒ«ã‚²ãƒƒãƒˆè³
ãƒ„ã‚¤ãƒ³ãƒãƒ¡ã‚·ã‚¹ã€€ãƒ‡ãƒ•ã‚©ã¯
3H ï¼ˆæ–°ãƒ‡ã‚£ã‚¹ã‚¯ã¨ãƒ•ãƒ¬ãƒ¼ãƒ ï¼‰ Ul ï¼ˆã‚¢ãƒ«ãƒ†ã‚£ãƒ¡ãƒƒãƒˆãƒªãƒ–ãƒ¼ãƒˆï¼‰ï¼ï¼
#ã¿ã‚“ãªã®ãã˜
#ãƒ™ã‚¤ãƒ–ãƒ¬ãƒ¼ãƒ‰ãƒãƒ¼ã‚¹ãƒˆ https://t.co/n78vL3FR2p","","","","https://twitter.com/vocarevoproj/status/937335481636810753/photo/1"
"937334494629003265","","","2017-12-03 14:55:33 +0000","<a href=""http://twitter.com"" rel=""nofollow"">Twitter Web Client</a>","ã¿ã‚“ãªã®ãã˜ã€€ãƒ™ã‚¤ã‚³ãƒ³ãƒ†ãƒŠã€€ã‚¯ãƒƒã‚·ãƒ§ãƒ³ã€€ã‚¿ã‚ªãƒ«ã€€ãƒãƒ¼ãƒã€€ã¨ã€€ãƒ©ãƒãƒ¼ãƒã‚¹ã‚³ãƒƒãƒˆ
#ã¿ã‚“ãªã®ãã˜ã€€ #ãƒ™ã‚¤ãƒ–ãƒ¬ãƒ¼ãƒ‰ãƒãƒ¼ã‚¹ãƒˆ https://t.co/oT7OZ9zPVW","","","","https://twitter.com/vocarevoproj/status/937334494629003265/photo/1,https://twitter.com/vocarevoproj/status/937334494629003265/photo/1,https://twitter.com/vocarevoproj/status/937334494629003265/photo/1,https://twitter.com/vocarevoproj/status/937334494629003265/photo/1"
"930430200810061824","","","2017-11-14 13:40:21 +0000","<a href=""http://twitter.com"" rel=""nofollow"">Twitter Web Client</a>","ã‚¹ãƒ—ãƒªã‚¬ãƒ³ãƒ¬ã‚¯ã‚¤ã‚¨ãƒ .0.Ztã€€ï¼ˆã‚¼ãƒƒã‚¿ï¼Ÿï¼‰
#ãƒ™ã‚¤ãƒ–ãƒ¬ãƒ¼ãƒ‰ãƒãƒ¼ã‚¹ãƒˆ https://t.co/4c0cxB4Mn2","","","","https://twitter.com/vocarevoproj/status/930430200810061824/photo/1,https://twitter.com/vocarevoproj/status/930430200810061824/photo/1,https://twitter.com/vocarevoproj/status/930430200810061824/photo/1"
"930415665369849856","","","2017-11-14 12:42:35 +0000","<a href=""http://twitter.com"" rel=""nofollow"">Twitter Web Client</a>","ã‚¹ãƒ—ãƒªã‚¬ãƒ³ãƒ¬ã‚¯ã‚¤ã‚¨ãƒ 
ãƒ©ã‚¤ãƒˆãƒ©ãƒ³ãƒãƒ£ãƒ¼LR
  #ãƒ™ã‚¤ãƒ–ãƒ¬ãƒ¼ãƒ‰ãƒãƒ¼ã‚¹ãƒˆ https://t.co/MUu388kBfn","","","","https://twitter.com/vocarevoproj/status/930415665369849856/photo/1"
"928968588169318400","","","2017-11-10 12:52:25 +0000","<a href=""http://twitter.com"" rel=""nofollow"">Twitter Web Client</a>","ã‚¹ãƒ—ãƒªã‚¬ãƒ³ãƒ¬ã‚¯ã‚¤ã‚¨ãƒ ã€€ãƒ‡ã‚£ã‚¹ã‚¯ã¯ï¼ï¼Ÿ
#ãƒ™ã‚¤ãƒ–ãƒ¬ãƒ¼ãƒ‰ãƒãƒ¼ã‚¹ãƒˆ https://t.co/CHWxmuCBJV","","","","https://twitter.com/vocarevoproj/status/928968588169318400/photo/1"
"919227224657502209","919226619104919553","763973256315412482","2017-10-14 15:43:43 +0000","<a href=""http://twitter.com"" rel=""nofollow"">Twitter Web Client</a>","ã‚´ãƒƒãƒ‰ãƒãƒˆãƒ«ã‚»ãƒƒãƒˆï¼šhttps://t.co/G9QUcw31AR
æ—¥æœ¬ä»¥å¤–å…ˆè¡Œç™ºå£²","","","","https://www.youtube.com/watch?v=Kql4U6qMClk"
"919226619104919553","","","2017-10-14 15:41:19 +0000","<a href=""http://twitter.com"" rel=""nofollow"">Twitter Web Client</a>","BA-01  ã‚´ãƒƒãƒ‰ãƒãƒˆãƒ«ã‚»ãƒƒãƒˆï¼šã‚´ãƒƒãƒ‰ãƒ´ã‚¡ãƒ«ã‚­ãƒªãƒ¼ã€€ãƒ¬ãƒƒãƒ‰ï¼ˆã‚·ãƒ¼ãƒ«ãªã—ï¼‰  #ãƒ™ã‚¤ãƒ–ãƒ¬ãƒ¼ãƒ‰ãƒãƒ¼ã‚¹ãƒˆ https://t.co/Mj2stSCoe2","","","","https://twitter.com/vocarevoproj/status/919226619104919553/photo/1"
"918483703394791426","","","2017-10-12 14:29:14 +0000","<a href=""http://twitter.com"" rel=""nofollow"">Twitter Web Client</a>","ã“ã‚Œã‚‰ã¯ãƒ™ã‚¤ãƒ–ãƒ¬ãƒ¼ãƒ‰ï¼Ÿ #ãƒ™ã‚¤ãƒ–ãƒ¬ãƒ¼ãƒ‰ãƒãƒ¼ã‚¹ãƒˆ https://t.co/UgWxxizi5K","","","","https://twitter.com/trademark_bot/status/918399347892670465"
"908676163563696129","908596604881350656","902871312841924608","2017-09-15 12:57:34 +0000","<a href=""http://twitter.com"" rel=""nofollow"">Twitter Web Client</a>","@Kmv3uR3Ox98bWds ã‚ˆã‚Šå¤šãã®éŠ€ã‚„éŠ…æ™¯å“ãŒæ¬²ã—ã„â€¦","","","",""
"908675641494478849","908610821248368640","4778364164","2017-09-15 12:55:29 +0000","<a href=""http://twitter.com"" rel=""nofollow"">Twitter Web Client</a>","@ama_barubatosu æœ€æ–°ã®å•†å“ã¯ã‚¸ãƒ¼ã‚¯ã‚¨ã‚¯ã‚¹ã‚«ãƒªãƒãƒ¼ã€ç¾åœ¨è²©å£²ä¸­ã§ã™
ã‚·ã‚§ãƒ«ã‚¿ãƒ¼ãƒ¬ã‚°ãƒ«ã‚¹ã¯ãƒ©ãƒ³ãƒ€ãƒ ãƒ–ãƒ¼ã‚¹ã‚¿ãƒ¼ï¼˜ã®ãƒ¬ã‚¢ã€€ç™ºå£²æ—¥ã¯10/21","","","",""
"908593055686574080","","","2017-09-15 07:27:19 +0000","<a href=""http://twitter.com"" rel=""nofollow"">Twitter Web Client</a>","ã‚ªãƒªãƒãƒ«ã‚³ãƒ³ãƒ»ã‚¢ã‚¦ã‚¿ãƒ¼ãƒ»ã‚ªã‚¯ã‚¿ #ãƒ™ã‚¤ãƒ–ãƒ¬ãƒ¼ãƒ‰ãƒãƒ¼ã‚¹ãƒˆ https://t.co/LTj6wBvoVF","","","","https://twitter.com/vocarevoproj/status/908593055686574080/photo/1,https://twitter.com/vocarevoproj/status/908593055686574080/photo/1,https://twitter.com/vocarevoproj/status/908593055686574080/photo/1"
"908592238619275265","","","2017-09-15 07:24:05 +0000","<a href=""http://twitter.com"" rel=""nofollow"">Twitter Web Client</a>","é‡‘ã®ã‚¯ãƒ©ã‚¤ã‚¹ã‚µã‚¿ãƒ³ï¼Ÿã€€#ãƒ™ã‚¤ãƒ–ãƒ¬ãƒ¼ãƒ‰ãƒãƒ¼ã‚¹ãƒˆ https://t.co/XgbELKBr2A","","","","https://twitter.com/vocarevoproj/status/908592238619275265/photo/1,https://twitter.com/vocarevoproj/status/908592238619275265/photo/1,https://twitter.com/vocarevoproj/status/908592238619275265/photo/1,https://twitter.com/vocarevoproj/status/908592238619275265/photo/1"
"908328409838714880","908298249252962304","763973256315412482","2017-09-14 13:55:43 +0000","<a href=""http://twitter.com"" rel=""nofollow"">Twitter Web Client</a>","ãƒ¦ã‚°ãƒ‰ãƒ©ã‚·ãƒ«ã®ãƒ•ãƒ¬ãƒ¼ãƒ ãŒç™½ãƒ¡ãƒ†ã‚ªã ã¨æ€ã†
Y2.8M.??","","","",""
"908325398139723777","908324794902339584","760316138022506496","2017-09-14 13:43:45 +0000","<a href=""http://twitter.com"" rel=""nofollow"">Twitter Web Client</a>","@B5Gwc @monstmini4wd ç™½ãƒ‡ã‚¹ã‚µã‚¤ã‚¶ãƒ¼ï¼å¤©ä½¿ï¼ŸğŸ˜®","","","",""
"908321152031899649","","","2017-09-14 13:26:53 +0000","<a href=""http://twitter.com"" rel=""nofollow"">Twitter Web Client</a>","ç„¡é™ãƒ™ã‚¤ã‚¹ã‚¿ã‚¸ã‚¢ãƒ ï¼ˆæ’ƒã‚´ãƒƒãƒ‰ãƒ´ã‚¡ãƒ«ã‚­ãƒªãƒ¼å…¥ã‚Šï¼‰ #ãƒ™ã‚¤ãƒ–ãƒ¬ãƒ¼ãƒ‰ãƒãƒ¼ã‚¹ãƒˆ https://t.co/25peVw2X4M","","","","https://twitter.com/vocarevoproj/status/908321152031899649/photo/1,https://twitter.com/vocarevoproj/status/908321152031899649/photo/1"
"908305044281294849","908303343881142272","886263262601371648","2017-09-14 12:22:52 +0000","<a href=""http://twitter.com"" rel=""nofollow"">Twitter Web Client</a>","@LUPUSHAT ãƒ©ã‚°ãƒŠãƒ«ã‚¯ã®ç¬¬ï¼–ãƒãƒ¼ã‚¸ãƒ§ãƒ³ã­","","","",""
"908302230016606208","908298249252962304","763973256315412482","2017-09-14 12:11:41 +0000","<a href=""http://twitter.com"" rel=""nofollow"">Twitter Web Client</a>","ã‚±ãƒ„ã‚¡ãƒ«ã‚«ãƒˆãƒ«ã®ãƒ•ãƒ¬ãƒ¼ãƒ ã‚‚ã‚¹ã‚¿ãƒ¼
Q2.4S.??","","","",""
"908299638343589888","908240313805815808","1886762988","2017-09-14 12:01:23 +0000","<a href=""http://twitter.com"" rel=""nofollow"">Twitter Web Client</a>","@grimhild_shark ãƒ©ãƒ³ãƒ¬ã‚¤ã®é’ãŒè‰¯ã„ã¨æ€ã†","","","",""
"908299438740824064","908226542022443008","3770544680","2017-09-14 12:00:36 +0000","<a href=""http://twitter.com"" rel=""nofollow"">Twitter Web Client</a>","@Raioh0613 ãƒ‡ã‚£ã‚¹ã‚¯ã‚‚ãƒã‚ºãƒ¬â€¦","","","",""
"908298536323735552","908298249252962304","763973256315412482","2017-09-14 11:57:01 +0000","<a href=""http://twitter.com"" rel=""nofollow"">Twitter Web Client</a>","ãƒ‡ã‚£ã‚¹ã‚¯ãŒæ‚ªã„ï¼Ÿ","","","",""
"908298249252962304","","","2017-09-14 11:55:52 +0000","<a href=""http://twitter.com"" rel=""nofollow"">Twitter Web Client</a>","ãƒ©ãƒ³ãƒ€ãƒ ãƒ–ãƒ¼ã‚¹ã‚¿ãƒ¼ï¼˜

#ã‚·ã‚§ãƒ«ã‚¿ãƒ¼ãƒ¬ã‚°ãƒ«ã‚¹ #ãƒ©ãƒ³ãƒ–ãƒ¼ #ãƒ™ã‚¤ãƒ–ãƒ¬ãƒ¼ãƒ‰ãƒãƒ¼ã‚¹ãƒˆ https://t.co/qHRgI3f3g4","","","","https://twitter.com/vocarevoproj/status/908298249252962304/photo/1"
"908199374378876928","","","2017-09-14 05:22:59 +0000","<a href=""http://twitter.com"" rel=""nofollow"">Twitter Web Client</a>","ãƒ©ãƒ³ãƒ€ãƒ ãƒ–ãƒ¼ã‚¹ã‚¿ãƒ¼ï¼˜ã€€ãƒ©ã‚¤ãƒ³ãƒŠãƒƒãƒ— 

ã‚·ã‚§ãƒ«ã‚¿ãƒ¼ãƒ¬ã‚°ãƒ«ã‚¹
ãƒ‰ãƒ©ã‚¤ã‚¬ãƒ¼
ãƒ‰ãƒ©ã‚°ãƒ¼ãƒ³
ã‚­ãƒ©ãƒ¼ãƒ‡ã‚¹ã‚µã‚¤ã‚¶ãƒ¼
ã‚¢ãƒ«ã‚¿ãƒ¼ã‚¯ãƒ­ãƒã‚¹
ãƒ–ãƒ¬ã‚¤ã‚ºãƒ©ã‚°ãƒŠãƒ«ã‚¯
ã‚¤ã‚§ãƒ¼ã‚¬ãƒ¼ãƒ¦ã‚°ãƒ‰ãƒ©ã‚·ãƒ«
ã‚¯ã‚¢ãƒƒãƒ‰ã‚±ãƒ„ã‚¢ãƒ«ã‚«ãƒˆãƒ«

#ãƒ©ãƒ³ãƒ–ãƒ¼ #ãƒ™ã‚¤ãƒ–ãƒ¬ãƒ¼ãƒ‰ãƒãƒ¼ã‚¹ãƒˆ https://t.co/XDNJsvUsgA","","","","https://twitter.com/vocarevoproj/status/908199374378876928/photo/1"
"902769473786085376","","","2017-08-30 05:46:29 +0000","<a href=""http://twitter.com"" rel=""nofollow"">Twitter Web Client</a>","æ‡ã‹ã—ã®ãƒ¡ã‚¿ãƒ«ãƒ•ã‚¡ã‚¤ãƒˆãƒ™ã‚¤ãƒ–ãƒ¬ãƒ¼ãƒ‰

ã€–å…¬å¼ã‚µã‚¤ãƒˆã‚¢ãƒ¼ã‚«ã‚¤ãƒ–ã€—
å•†å“ã€€https://t.co/BsFEbJSb6P
ãƒ‘ãƒ¼ãƒ„ã€€https://t.co/qZgo6Wqvmb

#ãƒ¡ã‚¿ãƒ«ãƒ•ã‚¡ã‚¤ãƒˆãƒ™ã‚¤ãƒ–ãƒ¬ãƒ¼ãƒ‰ã€€#ãƒ™ã‚¤ãƒ–ãƒ¬ãƒ¼ãƒ‰ãƒãƒ¼ã‚¹ãƒˆã€€#ãƒ¡ã‚¿ãƒ•ã‚¡ã‚¤ https://t.co/qQCLN5kxdW","","","","http://beyblade.vocarevoproject.com/MFB/products_archive.htm,http://beyblade.vocarevoproject.com/MFB/parts_archive.htm,https://twitter.com/vocarevoproj/status/902769473786085376/photo/1"
"900957420305866753","","","2017-08-25 05:46:02 +0000","<a href=""http://twitter.com"" rel=""nofollow"">Twitter Web Client</a>","ç¾ã—ã„
#ãƒ™ã‚¤ãƒ–ãƒ¬ãƒ¼ãƒ‰ãƒãƒ¼ã‚¹ãƒˆ
#ã‚´ãƒƒãƒ‰ãƒ´ã‚¡ãƒ«ã‚­ãƒªãƒ¼_6V_Rb https://t.co/Up9zc1XHKs","","","","https://twitter.com/vocarevoproj/status/900957420305866753/photo/1"
"899628837532704775","","","2017-08-21 13:46:43 +0000","<a href=""http://twitter.com"" rel=""nofollow"">Twitter Web Client</a>","éå»10æ—¥é–“ãƒ¬ã‚¢ãƒ™ã‚¤ã‚²ãƒƒãƒˆãƒãƒˆãƒ«ç¢ºç‡

ãƒ»åŒã˜27824ãƒ–ãƒ¬ãƒ¼ãƒ€ãƒ¼ã®ãƒ‡ãƒ¼ã‚¿ã‚’åé›†ã—ãŸ
ãƒ»ä»Šæ—¥ã¨11æ—¥å‰ã®ä¼èª¬ãƒ™ã‚¤ãƒãƒƒã‚¸æ•°ã¨ãƒ™ã‚¤ãƒã‚¤ãƒ³ãƒˆã‚’æ¯”è¼ƒã—ãŸ
  
ç¢ºç‡ï¼0.0626%!!

ãƒã‚¸ã§ï¼Ÿï¼Ÿï¼ï¼ğŸ˜µğŸ˜±

#ãƒ™ã‚¤ãƒ–ãƒ¬ãƒ¼ãƒ‰ãƒãƒ¼ã‚¹ãƒˆ #ã‚ªãƒªãƒãƒ«ã‚³ãƒ³ #ãƒãƒ«ãƒ‰ã‚¥ãƒ¼ãƒ« #ãƒ¬ã‚¢ãƒ™ã‚¤ã‚²ãƒƒãƒˆãƒãƒˆãƒ« https://t.co/Nm4FXYLM4v","","","","https://twitter.com/vocarevoproj/status/899628837532704775/photo/1,https://twitter.com/vocarevoproj/status/899628837532704775/photo/1"
"899315894328762368","","","2017-08-20 17:03:12 +0000","<a href=""http://twitter.com"" rel=""nofollow"">Twitter Web Client</a>","ãƒã‚¤ãƒ³ãƒˆ10å€ã®10æ—¥é–“ã€ãƒ¬ã‚¢ãƒ™ã‚¤ã‚²ãƒƒãƒˆãƒãƒˆãƒ«ã®ç¢ºç‡ã¯å¤‰ã‚ã£ãŸã®ã‹ï¼Ÿ

ãã®çµæœã€ä»Šæ—¥ç™ºè¡¨äºˆå®šï¼

ã©ã†æ€ã„ã¾ã™ã‹ï¼Ÿ

 #ãƒ™ã‚¤ãƒ–ãƒ¬ãƒ¼ãƒ‰ãƒãƒ¼ã‚¹ãƒˆ  #ã‚ªãƒªãƒãƒ«ã‚³ãƒ³ #ãƒ¬ã‚¢ãƒ™ã‚¤ã‚²ãƒƒãƒˆãƒãƒˆãƒ« https://t.co/3tTsgF3sbP","","","","https://twitter.com/vocarevoproj/status/899315894328762368/photo/1"
"895561558041833472","","","2017-08-10 08:24:48 +0000","<a href=""http://twitter.com"" rel=""nofollow"">Twitter Web Client</a>","ãƒ–ãƒ¬ã‚¤ã‚ºãƒ©ã‚°ãƒŠãƒ«ã‚¯ã€€ãƒ¬ãƒƒãƒ‰ã€€#ãƒ™ã‚¤ãƒ–ãƒ¬ãƒ¼ãƒ‰ãƒãƒ¼ã‚¹ãƒˆ https://t.co/ttnIlTFAJL","","","","https://twitter.com/vocarevoproj/status/895561558041833472/photo/1,https://twitter.com/vocarevoproj/status/895561558041833472/photo/1,https://twitter.com/vocarevoproj/status/895561558041833472/photo/1,https://twitter.com/vocarevoproj/status/895561558041833472/photo/1"
"895558211389898753","","","2017-08-10 08:11:30 +0000","<a href=""http://twitter.com"" rel=""nofollow"">Twitter Web Client</a>","ãƒ‡ã‚¸ã‚¿ãƒ«ã‚½ãƒ¼ãƒ‰ãƒ©ãƒ³ãƒãƒ£ãƒ¼ã€€ #ãƒ™ã‚¤ãƒ–ãƒ¬ãƒ¼ãƒ‰ãƒãƒ¼ã‚¹ãƒˆ https://t.co/hGNyYjmdjQ","","","","https://twitter.com/vocarevoproj/status/895558211389898753/photo/1,https://twitter.com/vocarevoproj/status/895558211389898753/photo/1"
"895558137821806592","","","2017-08-10 08:11:13 +0000","<a href=""http://twitter.com"" rel=""nofollow"">Twitter Web Client</a>","ã‚¸ãƒ¼ã‚¯ã‚¨ã‚¯ã‚¹ã‚«ãƒªãƒãƒ¼ï¼ˆã‚¨ãƒ³ãƒˆãƒªãƒ¼ãƒ©ãƒ³ãƒãƒ£ãƒ¼ä»˜ãï¼‰ #ãƒ™ã‚¤ãƒ–ãƒ¬ãƒ¼ãƒ‰ãƒãƒ¼ã‚¹ãƒˆ https://t.co/pPp3ibaBPa","","","","https://twitter.com/vocarevoproj/status/895558137821806592/photo/1"
"880122516240441345","","","2017-06-28 17:55:34 +0000","<a href=""http://twitter.com"" rel=""nofollow"">Twitter Web Client</a>","ãƒ©ãƒ³ãƒ–ãƒ¼ï¼—ãƒ©ã‚¤ãƒ³ã‚¢ãƒƒãƒ— #ãƒ™ã‚¤ãƒ–ãƒ¬ãƒ¼ãƒ‰ãƒãƒ¼ã‚¹ãƒˆ #ãƒã‚­ã‚·ãƒãƒ ã‚¬ãƒ«ãƒ¼ãƒ€ https://t.co/u2mRWW6HqC","","","","https://twitter.com/vocarevoproj/status/880122516240441345/photo/1"
"880086433049882624","","","2017-06-28 15:32:11 +0000","<a href=""http://twitter.com"" rel=""nofollow"">Twitter Web Client</a>","ãƒã‚­ã‚·ãƒãƒ ã‚¬ãƒ«ãƒ¼ãƒ€ @ãƒ©ãƒ³ãƒ€ãƒ ãƒ–ãƒ¼ã‚¹ã‚¿ãƒ¼ 7 #ãƒ™ã‚¤ãƒ–ãƒ¬ãƒ¼ãƒ‰ãƒãƒ¼ã‚¹ãƒˆ https://t.co/wyhOmgR4LG","","","","https://twitter.com/vocarevoproj/status/880086433049882624/photo/1"
"875021179597316096","","","2017-06-14 16:04:40 +0000","<a href=""http://twitter.com"" rel=""nofollow"">Twitter Web Client</a>","ãƒ¬ã‚¸ã‚§ãƒ³ãƒ‰ã‚¹ãƒ—ãƒªã‚¬ãƒ³.7.Mrã¨ãƒ©ãƒ³ãƒãƒ£ãƒ¼LRã€€#ã‚¿ã‚«ãƒ©ãƒˆãƒŸãƒ¼ãƒ¢ãƒ¼ãƒ« #ãƒ™ã‚¤ãƒ–ãƒ¬ãƒ¼ãƒ‰ãƒãƒ¼ã‚¹ãƒˆ https://t.co/74PMYYBzoZ","","","","https://twitter.com/vocarevoproj/status/875021179597316096/photo/1,https://twitter.com/vocarevoproj/status/875021179597316096/photo/1"
"874227342092124160","","","2017-06-12 11:30:15 +0000","<a href=""http://twitter.com"" rel=""nofollow"">Twitter Web Client</a>","ãƒ¬ã‚¸ã‚§ãƒ³ãƒ‰ã‚¹ãƒ—ãƒªã‚¬ãƒ³ãƒ»7ãƒ»ãƒãƒ¼ã‚¸ #ãƒ™ã‚¤ãƒ–ãƒ¬ãƒ¼ãƒ‰ãƒãƒ¼ã‚¹ãƒˆ","","","",""
"871382517143621632","","","2017-06-04 15:05:56 +0000","<a href=""http://twitter.com"" rel=""nofollow"">Twitter Web Client</a>","ä¸¡å›è»¢ãƒ™ã‚¤ã®ãƒ¡ã‚«ãƒ‹ã‚ºãƒ 
#ãƒ™ã‚¤ãƒ–ãƒ¬ãƒ¼ãƒ‰ãƒãƒ¼ã‚¹ãƒˆ #ãƒ¬ã‚¸ã‚§ãƒ³ãƒ‰ã‚¹ãƒ—ãƒªã‚¬ãƒ³ https://t.co/0Ew85Vl3Wi","","","","https://twitter.com/vocarevoproj/status/871382517143621632/photo/1"
"863008390892539905","","","2017-05-12 12:30:08 +0000","<a href=""http://twitter.com"" rel=""nofollow"">Twitter Web Client</a>","#ãƒ™ã‚¤ãƒ–ãƒ¬ãƒ¼ãƒ‰ãƒãƒ¼ã‚¹ãƒˆ https://t.co/yG5hqI4H3m","","","","https://twitter.com/Ilove__TAKUAN/status/863006710775947265"
"863000823286054913","","","2017-05-12 12:00:04 +0000","<a href=""http://twitter.com"" rel=""nofollow"">Twitter Web Client</a>","#ãƒ™ã‚¤ãƒ–ãƒ¬ãƒ¼ãƒ‰ãƒãƒ¼ã‚¹ãƒˆ https://t.co/mxHlZcdV6g","","","","https://twitter.com/Ilove__TAKUAN/status/862979845000646656"
"863000800703823872","","","2017-05-12 11:59:59 +0000","<a href=""http://twitter.com"" rel=""nofollow"">Twitter Web Client</a>","#ãƒ™ã‚¤ãƒ–ãƒ¬ãƒ¼ãƒ‰ãƒãƒ¼ã‚¹ãƒˆ https://t.co/4vXAppy4fP","","","","https://twitter.com/Ilove__TAKUAN/status/862979903121014784"
"862184299302223872","","","2017-05-10 05:55:30 +0000","<a href=""http://twitter.com"" rel=""nofollow"">Twitter Web Client</a>","ã‚¬ãƒ¼ãƒ‡ã‚£ã‚¢ãƒ³ã‚±ãƒ«ãƒ™ã‚¦ã‚¹ã€Œå¼¾åŠ›ã‚ã‚‹ç´ æã®ç´°ã‹ã„ä¸­æ®µåˆƒã§ç›¸æ‰‹ã®æ”»æ’ƒã‚’åˆ†æ•£ã•ã›ã€ã©ã‚“ãªè¡æ’ƒã«ã‚‚è€ãˆæŠœããƒ‡ã‚£ãƒ•ã‚§ãƒ³ã‚¹ã‚¿ã‚¤ãƒ—ã®ã‚´ãƒƒãƒ‰ãƒ¬ã‚¤ãƒ¤ãƒ¼ã€‚ã€ #ãƒ™ã‚¤ãƒ–ãƒ¬ãƒ¼ãƒ‰ãƒãƒ¼ã‚¹ãƒˆ https://t.co/VGajUsHJI8","","","","https://twitter.com/vocarevoproj/status/862184299302223872/photo/1"
"859009233831972864","","","2017-05-01 11:38:55 +0000","<a href=""http://twitter.com"" rel=""nofollow"">Twitter Web Client</a>","ãƒ¬ã‚¢ãƒ™ã‚¤ã‚²ãƒƒãƒˆãƒãƒˆãƒ«ã€ç¢ºç‡2%æœªæº€ï¼Ÿ

ãƒ—ãƒ­ã‚°ãƒ©ãƒ ã«ã‚ˆã£ã¦ã€8996äººã®ãƒ–ãƒ¬ãƒ¼ãƒ€ãƒ¼ã®ãƒ‡ãƒ¼ã‚¿ã‚’åˆ†æã—ãŸã€‚ã€Œãƒ¬ã‚¢ãƒ™ã‚¤ã€ãƒãƒƒã‚¸æ•°ã¨ãƒ™ã‚¤ãƒã‚¤ãƒ³ãƒˆã‚’åˆè¨ˆã—ãŸã€ç¢ºç‡ã‚’è¨ˆç®—ã™ã‚‹ã“ã¨ãŒã§ãã¾ã™

çµè«–ï¼šå½“é¸ç¢ºç‡ï¼1.93%ã€‚ä½ã„ã­ã€‚
#ãƒ™ã‚¤ãƒ–ãƒ¬ãƒ¼ãƒ‰ãƒãƒ¼ã‚¹ãƒˆ #ãƒãƒ«ãƒ‰ã‚¥ãƒ¼ãƒ« #ãƒ¬ã‚¢ãƒ™ã‚¤ã‚²ãƒƒãƒˆãƒãƒˆãƒ« https://t.co/F6iaV8WdCu","","","","https://twitter.com/vocarevoproj/status/859009233831972864/photo/1,https://twitter.com/vocarevoproj/status/859009233831972864/photo/1"
"858935223630782468","","","2017-05-01 06:44:50 +0000","<a href=""http://twitter.com"" rel=""nofollow"">Twitter Web Client</a>","ã‚¬ãƒ¼ãƒ‡ã‚£ã‚¢ãƒ³ã‚±ãƒ«ãƒ™ã‚¦ã‚¹ã€€ãƒ©ãƒ³ãƒ€ãƒ ãƒ¬ã‚¤ãƒ¤ãƒ¼ï¼–ã€€#ãƒ™ã‚¤ãƒ–ãƒ¬ãƒ¼ãƒ‰ãƒãƒ¼ã‚¹ãƒˆ https://t.co/c0AjXIf2tC","","","","https://twitter.com/olGkmnZoLdT7EsF/status/858926065623760896"
"857306466318925824","","","2017-04-26 18:52:44 +0000","<a href=""http://twitter.com"" rel=""nofollow"">Twitter Web Client</a>","ã‚¤ãƒ³ãƒ•ã‚§ãƒ«ãƒã‚¤ãƒ•ãƒªãƒ¼ãƒˆ
å¼·åŒ–ã•ã‚Œã¦ã„ã¾ã™ã‹ï¼Ÿ
ãã†ã§ã¯ãªã„ã‚ˆã†ğŸ˜• https://t.co/5Pp1lWGvgr","","","","https://twitter.com/vocarevoproj/status/857306466318925824/photo/1,https://twitter.com/vocarevoproj/status/857306466318925824/photo/1,https://twitter.com/vocarevoproj/status/857306466318925824/photo/1"
"857303714100428804","","","2017-04-26 18:41:48 +0000","<a href=""http://twitter.com"" rel=""nofollow"">Twitter Web Client</a>","ã‚¢ãƒˆãƒŸãƒƒã‚¯ã®ãƒœãƒ¼ãƒ«ãŒå¤§ãã™ãã‚‹
æš´ã‚Œã‚„ã™ã„
#ãƒ™ã‚¤ãƒ–ãƒ¬ãƒ¼ãƒ‰ãƒãƒ¼ã‚¹ãƒˆ https://t.co/aK1BNPrlPF","","","","https://twitter.com/vocarevoproj/status/857303714100428804/photo/1"
"857290354999009280","","","2017-04-26 17:48:42 +0000","<a href=""http://twitter.com"" rel=""nofollow"">Twitter Web Client</a>","ãƒˆãƒ«ãƒãƒ¼ãƒ‰ãƒ¯ã‚¤ãƒãƒ¼ãƒ³ã®ãƒ­ãƒƒã‚¯ https://t.co/zx9VDWgn37","","","","https://twitter.com/vocarevoproj/status/857290354999009280/photo/1"
"857223160982249472","856816741682425857","763973256315412482","2017-04-26 13:21:42 +0000","<a href=""http://twitter.com"" rel=""nofollow"">Twitter Web Client</a>","é¦™æ¸¯ã§ã®ç™ºå£²æ—¥ã¯4æœˆ24æ—¥ã§ã™

ã§ã‚‚ãƒ‰ãƒ¬ã‚¤ãƒ³ãƒ•ã‚¡ãƒ–ãƒ‹ãƒ«ã¯ã¾ã ç™ºå£²ã•ã‚Œã¦ãªã„ã‚ˆ","","","",""
"856862164778438658","856823866391277570","3738145154","2017-04-25 13:27:14 +0000","<a href=""http://twitter.com"" rel=""nofollow"">Twitter Web Client</a>","@GmgencjjzTjMGrV ã¿ã‚“ãªã®ã‚µãƒãƒ¼ãƒˆã‚ã‚ŠãŒã¨ã†ã”ã–ã„ã¾ã™ï¼","","","",""
"856816741682425857","","","2017-04-25 10:26:44 +0000","<a href=""http://twitter.com"" rel=""nofollow"">Twitter Web Client</a>","ãƒ©ãƒ³ãƒ–ãƒ¼ï¼–ã€€ã‚³ãƒ³ãƒ—ãƒªãƒ¼ãƒˆ https://t.co/g9pyzYF4pL","","","","https://twitter.com/vocarevoproj/status/856816741682425857/photo/1"
"856610432508862465","","","2017-04-24 20:46:56 +0000","<a href=""http://twitter.com"" rel=""nofollow"">Twitter Web Client</a>","ç™ºå£²ã‚¹ã‚±ã‚¸ãƒ¥ãƒ¼ãƒ«
5æœˆï¼šãƒãƒ©ãƒ³ã‚¹ã‚¿ã‚¤ãƒ—ãƒ™ã‚¤ã€€äºˆæƒ³ï¼šã‚¢ãƒ«ã‚¿ãƒ¼ã‚¯ãƒ­ãƒã‚¹
6æœˆï¼šã‚¢ã‚¿ãƒƒã‚¯ã‚¿ã‚¤ãƒ—ãƒ™ã‚¤ã€€äºˆæƒ³ï¼šã‚­ãƒ©ãƒ¼ãƒ‡ã‚¹ã‚µã‚¤ã‚¶ãƒ¼
7æœˆï¼šä¸¡å›è»¢(?)ã®ãƒ©ã‚¤ãƒãƒ«ãƒ™ã‚¤ã¨ãƒ©ãƒ³ãƒ–ãƒ¼ï¼—ã€€ãƒ¬ã‚¢ã¯ã‚¹ã‚¿ãƒŸãƒŠã‚¿ã‚¤ãƒ—
8æœˆï¼šãƒ‡ã‚£ãƒ•ã‚§ãƒ³ã‚¹ã‚¿ã‚¤ãƒ—ãƒ™ã‚¤ã¨ãƒ–ãƒ¼ã‚¹ã‚¿ãƒ¼ã‚»ãƒƒãƒˆ
ãŠã‚‚ã¡ã‚ƒæ¥­ç•Œã‚«ã‚¿ãƒ­ã‚°ã€€#ãƒ™ã‚¤ãƒ–ãƒ¬ãƒ¼ãƒ‰ãƒãƒ¼ã‚¹ãƒˆ","","","",""
"850344883076210692","","","2017-04-07 13:49:53 +0000","<a href=""http://twitter.com"" rel=""nofollow"">Twitter Web Client</a>","æ–°å¤§ä¼šæ™¯å“   â€¦â€¦ç¬‘ã£ãŸğŸ˜…ã€€ #ãƒ™ã‚¤ãƒ–ãƒ¬ãƒ¼ãƒ‰ãƒãƒ¼ã‚¹ãƒˆ  #ãƒ–ãƒ¬ã‚¤ã‚ºãƒ©ãƒ•ãƒŠãƒ«ã‚¯ https://t.co/U6syKmvN89","","","","https://twitter.com/vocarevoproj/status/850344883076210692/photo/1"
"848876769541148673","","","2017-04-03 12:36:07 +0000","<a href=""http://twitter.com"" rel=""nofollow"">Twitter Web Client</a>","ãƒ‰ãƒ¬ã‚¤ãƒ³ãƒ•ã‚¡ãƒ–ãƒ‹ãƒ«ã¨ãƒ•ãƒªãƒ¼ãƒ»ãƒ‡ãƒ©ãƒ›ãƒ¼ãƒ¤ #ãƒ™ã‚¤ãƒ–ãƒ¬ãƒ¼ãƒ‰ãƒãƒ¼ã‚¹ãƒˆ https://t.co/fS3s9WXRd4","","","","https://twitter.com/vocarevoproj/status/848876769541148673/photo/1,https://twitter.com/vocarevoproj/status/848876769541148673/photo/1,https://twitter.com/vocarevoproj/status/848876769541148673/photo/1"
"848865523639042048","","","2017-04-03 11:51:26 +0000","<a href=""http://twitter.com"" rel=""nofollow"">Twitter Web Client</a>","ãƒ‰ãƒ¬ã‚¤ãƒ³ãƒ•ã‚¡ãƒ–ãƒ‹ãƒ«ã¯ã‚¹ã‚¿ãƒŸãƒŠã‚¿ã‚¤ãƒ—ã§ã™ã­
https://t.co/RPTYChBrnC #ãƒ™ã‚¤ãƒ–ãƒ¬ãƒ¼ãƒ‰ãƒãƒ¼ã‚¹ãƒˆ #ãƒ‰ãƒ¬ã‚¤ãƒ³ãƒ•ã‚¡ãƒ–ãƒ‹ãƒ«  #ãƒ•ãƒªãƒ¼ãƒ»ãƒ‡ãƒ©ãƒ›ãƒ¼ãƒ¤ https://t.co/ZTwBJA2CE1","","","","http://www.beyblade.jp/img/anime/chara/ch04_blade.png,https://twitter.com/vocarevoproj/status/848865523639042048/photo/1"
"840498703265755136","","","2017-03-11 09:44:41 +0000","<a href=""http://twitter.com"" rel=""nofollow"">Twitter Web Client</a>","https://t.co/jOSZiKpOCJ
ãƒ¬ã‚¸ã‚§ãƒ³ãƒ‰ã‚¹ãƒ—ãƒªã‚¬ãƒ³ã˜ã‚ƒãªã„â€¦ã€€ã‚¯ãƒ©ã‚¤ã‚¹ã‚µã‚¿ãƒ³ã ï¼ã€€ã‚´ãƒƒãƒ‰ãƒ´ã‚¡ãƒ«ã‚­ãƒªãƒ¼ã€€ãƒ–ãƒ¬ã‚¤ã‚ºãƒ©ã‚°ãƒŠãƒ«ã‚¯ã€€ãƒ‰ãƒ¬ã‚¤ãƒ³ãƒ•ã‚¡ãƒ–ãƒ‹ãƒ«
#ãƒ™ã‚¤ãƒ–ãƒ¬ãƒ¼ãƒ‰ãƒãƒ¼ã‚¹ãƒˆã€€#ãƒ™ã‚¤ãƒ–ãƒ¬ãƒ¼ãƒ‰ã€€#æ–°ãƒ´ã‚¡ãƒ«ã‚­ãƒªãƒ¼ã€€#æ–°ãƒ©ã‚°ãƒŠãƒ«ã‚¯ã€€#ã‚µã‚¿ãƒ³","","","","http://ameblo.jp/egnat/entry-12255431764.html"
"840258112489574400","","","2017-03-10 17:48:39 +0000","<a href=""http://twitter.com"" rel=""nofollow"">Twitter Web Client</a>","ã“ã‚Œã¯ãƒ€ãƒ¼ã‚¯ãƒã‚¹ãƒ‰ãƒ©ã‚¤ã‚¬ãƒ¼â€¦ã€€#ãƒ™ã‚¤ãƒ–ãƒ¬ãƒ¼ãƒ‰ãƒãƒ¼ã‚¹ãƒˆã€€#ãƒ™ã‚¤ãƒ–ãƒ¬ãƒ¼ãƒ‰ã€€#ãƒ‰ãƒ©ã‚¤ã‚¬ãƒ¼ https://t.co/mB7psxLMh7","","","","https://twitter.com/ar_urara052/status/840250623366905857"
"839906370170187776","","","2017-03-09 18:30:58 +0000","<a href=""http://twitter.com"" rel=""nofollow"">Twitter Web Client</a>","ã‚³ãƒ­ã‚³ãƒ­ã‚¢ãƒ‹ã‚­ å…¨å“¡ã‚µãƒ¼ãƒ“ã‚¹ ã€Œãƒ€ãƒ¼ã‚¯ãƒã‚¹ãƒ‰ãƒ©ã‚¤ã‚¬ãƒ¼ã€ãƒãƒ¼ã‚¹ãƒˆverï¼Ÿ
https://t.co/JnHrZtuyiH â€¦ 
#ãƒ™ã‚¤ãƒ–ãƒ¬ãƒ¼ãƒ‰ãƒãƒ¼ã‚¹ãƒˆã€€#ãƒ™ã‚¤ãƒ–ãƒ¬ãƒ¼ãƒ‰ã€€#ãƒ‰ãƒ©ã‚¤ã‚¬ãƒ¼ https://t.co/EImdtTSD05","","","","http://www.neowing.co.jp/product/NEOBK-2069904,https://twitter.com/vocarevoproj/status/839906370170187776/photo/1"
"836462971937173505","836334434898980869","835742512685830144","2017-02-28 06:28:07 +0000","<a href=""http://twitter.com"" rel=""nofollow"">Twitter Web Client</a>","@godgod205 @GuySuzuk 
å•†æ¨™é€Ÿå ±ã‚’ã”å‚ç…§ãã ã•ã„
ã‚¸ãƒ¼ã‚¶ã‚¹ã‚¹ãƒ—ãƒªã‚¬ãƒ³ã¯å™‚ã§ã™","","","",""
"836269258187288576","","","2017-02-27 17:38:22 +0000","<a href=""http://twitter.com"" rel=""nofollow"">Twitter Web Client</a>","ã‚´ãƒƒãƒ‰ãƒ´ã‚¡ãƒ«ã‚­ãƒªãƒ¼ã€€ãƒ¬ã‚¸ã‚§ãƒ³ãƒ‰ã‚¹ãƒ—ãƒªã‚¬ãƒ³ã€€ãƒ–ãƒ¬ã‚¤ã‚ºãƒ©ã‚°ãƒŠãƒ«ã‚¯
#ãƒ™ã‚¤ãƒ–ãƒ¬ãƒ¼ãƒ‰ãƒãƒ¼ã‚¹ãƒˆã€€#ãƒ™ã‚¤ãƒ–ãƒ¬ãƒ¼ãƒ‰
#æ–°ãƒ´ã‚¡ãƒ«ã‚­ãƒªãƒ¼  #æ–°ã‚¹ãƒ—ãƒªã‚¬ãƒ³  #æ–°ãƒ©ã‚°ãƒŠãƒ«ã‚¯ https://t.co/DSspAGdhk5","","","","https://twitter.com/vocarevoproj/status/836269258187288576/photo/1,https://twitter.com/vocarevoproj/status/836269258187288576/photo/1,https://twitter.com/vocarevoproj/status/836269258187288576/photo/1"
"775067328010604544","","","2016-09-11 20:23:45 +0000","<a href=""http://twitter.com"" rel=""nofollow"">Twitter Web Client</a>","ãƒ©ãƒ³ãƒ€ãƒ ãƒ–ãƒ¼ã‚¹ã‚¿ãƒ¼ï¼”ã€€ã‚¯ã‚¢ãƒƒãƒ‰ã‚±ãƒ„ã‚¢ãƒ«ã‚«ãƒˆãƒ«ãƒ»ï¼Ÿãƒ»ï¼Ÿ &amp; ãƒ‰ãƒ©ã‚¤ã‚¬ãƒ¼Sãƒ»Hãƒ»F
#ãƒ™ã‚¤ãƒ–ãƒ¬ãƒ¼ãƒ‰ã€€#ãƒ™ã‚¤ãƒ–ãƒ¬ãƒ¼ãƒ‰ãƒãƒ¼ã‚¹ãƒˆ https://t.co/8ek1LCLo2K","","","","https://twitter.com/vocarevoproj/status/775067328010604544/photo/1,https://twitter.com/vocarevoproj/status/775067328010604544/photo/1,https://twitter.com/vocarevoproj/status/775067328010604544/photo/1,https://twitter.com/vocarevoproj/status/775067328010604544/photo/1"
"773513715501019137","","","2016-09-07 13:30:15 +0000","<a href=""http://twitter.com"" rel=""nofollow"">Twitter Web Client</a>","ãƒ‡ãƒ¥ã‚¢ãƒ«ã‚µã‚¤ã‚¯ãƒ­ãƒ³ãƒ™ã‚¤ã‚¹ã‚¿ã‚¸ã‚¢ãƒ 
ãƒ•ã‚¡ãƒ³ã‚°ãƒ•ã‚§ãƒ³ãƒªãƒ«ãƒ»ãƒ–ãƒ¼ã‚¹ãƒˆãƒ»ã‚¸ãƒ£ã‚®ãƒ¼ï¼šç¢ºèªã•ã‚ŒãŸ 
6000å††ãŒâ€¦
https://t.co/dG8mvAbWjz
#ãƒ™ã‚¤ãƒ–ãƒ¬ãƒ¼ãƒ‰ãƒãƒ¼ã‚¹ãƒˆã€€#ãƒ™ã‚¤ãƒ–ãƒ¬ãƒ¼ãƒ‰","","","","https://www.youtube.com/watch?v=ftnkNqkM8C8"
"767226740427018240","","","2016-08-21 05:08:03 +0000","<a href=""http://twitter.com"" rel=""nofollow"">Twitter Web Client</a>","ã€ŒB-62 ãƒ‡ãƒ¥ã‚¢ãƒ«ã‚µã‚¤ã‚¯ãƒ­ãƒ³ã‚¹ã‚¿ã‚¸ã‚¢ãƒ DXã‚»ãƒƒãƒˆã€
ä»˜å±ã®æ–°ãƒ™ã‚¤ï¼
ãƒ¬ã‚¤ãƒ¤ãƒ¼ã®åå‰ã¯ä¸æ˜ã€ã§ã‚‚ãƒ‡ã‚£ã‚¹ã‚¯ã¨ãƒ‰ãƒ©ã‚¤ãƒãƒ¼ãŒâ€¦â€¦ğŸ˜±ğŸ˜±ğŸ˜“ğŸ˜¢ğŸ˜©

è©³ç´°ï¼šhttps://t.co/dG8mvAbWjz

#ãƒ™ã‚¤ãƒ–ãƒ¬ãƒ¼ãƒ‰ãƒãƒ¼ã‚¹ãƒˆã€€#ãƒ™ã‚¤ãƒ–ãƒ¬ãƒ¼ãƒ‰ https://t.co/4oKfVv5GD9","","","","https://www.youtube.com/watch?v=ftnkNqkM8C8,https://twitter.com/vocarevoproj/status/767226740427018240/photo/1"
"767226332379910144","","","2016-08-21 05:06:26 +0000","<a href=""http://twitter.com"" rel=""nofollow"">Twitter Web Client</a>","10æœˆç™ºå£²ã€ŒB-62 ãƒ‡ãƒ¥ã‚¢ãƒ«ã‚µã‚¤ã‚¯ãƒ­ãƒ³ã‚¹ã‚¿ã‚¸ã‚¢ãƒ DXã‚»ãƒƒãƒˆã€
ä»˜å±ã®æ–°ãƒ™ã‚¤ã®è¬ã€œã€œè§£ãï¼
ãƒ¬ã‚¤ãƒ¤ãƒ¼ã®åå‰ã¯ä¸æ˜ã€ã§ã‚‚ãƒ‡ã‚£ã‚¹ã‚¯ã¨ãƒ‰ãƒ©ã‚¤ãƒãƒ¼ãŒâ€¦â€¦ğŸ˜±ğŸ˜±ğŸ˜“ğŸ˜¢ğŸ˜©

https://t.co/dG8mvAbWjz

#ãƒ™ã‚¤ãƒ–ãƒ¬ãƒ¼ãƒ‰ãƒãƒ¼ã‚¹ãƒˆã€€#ãƒ™ã‚¤ãƒ–ãƒ¬ãƒ¼ãƒ‰","","","","https://www.youtube.com/watch?v=ftnkNqkM8C8"
"767024513141776386","","","2016-08-20 15:44:29 +0000","<a href=""http://twitter.com"" rel=""nofollow"">Twitter Web Client</a>","ãƒ‡ãƒ¥ã‚¢ãƒ«ã‚µã‚¤ã‚¯ãƒ­ãƒ³ãƒ™ã‚¤ã‚¹ã‚¿ã‚¸ã‚¢ãƒ ã§ãƒ™ã‚¤ãƒãƒˆãƒ«
ã“ã¡ã‚‰ï¼šhttps://t.co/FsWLK3a7Xo

#ãƒ™ã‚¤ãƒ–ãƒ¬ãƒ¼ãƒ‰ãƒãƒ¼ã‚¹ãƒˆã€€#ãƒ™ã‚¤ãƒ–ãƒ¬ãƒ¼ãƒ‰","","","","https://www.youtube.com/watch?v=b8wz7c5SkeU"
"766989304987910144","","","2016-08-20 13:24:34 +0000","<a href=""http://twitter.com"" rel=""nofollow"">Twitter Web Client</a>","ãƒ‡ãƒ¥ã‚¢ãƒ«ã‚µã‚¤ã‚¯ãƒ­ãƒ³ã‚¹ã‚¿ã‚¸ã‚¢ãƒ   ãƒ‡ãƒ¢
#ãƒ™ã‚¤ãƒ–ãƒ¬ãƒ¼ãƒ‰ãƒãƒ¼ã‚¹ãƒˆã€€#ãƒ™ã‚¤ãƒ–ãƒ¬ãƒ¼ãƒ‰ https://t.co/LVf1E63sN9","","","","https://twitter.com/vocarevoproj/status/766989304987910144/video/1"
"766959745278222336","","","2016-08-20 11:27:07 +0000","<a href=""http://twitter.com"" rel=""nofollow"">Twitter Web Client</a>","B-62 ãƒ‡ãƒ¥ã‚¢ãƒ«ã‚µã‚¤ã‚¯ãƒ­ãƒ³ã‚¹ã‚¿ã‚¸ã‚¢ãƒ DXã‚»ãƒƒãƒˆä»˜å±ã®æ–°ãƒ™ã‚¤ãƒ–ãƒ¬ãƒ¼ãƒ‰ï¼Ÿ
#ãƒ™ã‚¤ãƒ–ãƒ¬ãƒ¼ãƒ‰ãƒãƒ¼ã‚¹ãƒˆã€€#ãƒ™ã‚¤ãƒ–ãƒ¬ãƒ¼ãƒ‰ https://t.co/sq8Xwqox0f","","","","https://twitter.com/vocarevoproj/status/766959745278222336/photo/1"
"766916997879738368","","","2016-08-20 08:37:15 +0000","<a href=""http://twitter.com/download/android"" rel=""nofollow"">Twitter for Android</a>","ãƒ‡ãƒ¥ã‚¢ãƒ«ã‚µã‚¤ã‚¯ãƒ­ãƒ³ã‚¹ã‚¿ã‚¸ã‚¢ãƒ ã®ãƒ™ã‚¤ï¼Ÿ
#ãƒ™ã‚¤ãƒ–ãƒ¬ãƒ¼ãƒ‰ãƒãƒ¼ã‚¹ãƒˆã€€#ãƒ™ã‚¤ãƒ–ãƒ¬ãƒ¼ãƒ‰ https://t.co/IMcX6tgLRQ","","","","https://twitter.com/vocarevoproj/status/766916997879738368/photo/1"
"766676050092765185","","","2016-08-19 16:39:49 +0000","<a href=""http://twitter.com"" rel=""nofollow"">Twitter Web Client</a>","B-62 ãƒ‡ãƒ¥ã‚¢ãƒ«ã‚µã‚¤ã‚¯ãƒ­ãƒ³ã‚¹ã‚¿ã‚¸ã‚¢ãƒ  DXã‚»ãƒƒãƒˆ
é’è‰²ã®ãƒ™ã‚¤â€¦æ–°ã—ã„ãƒ™ã‚¤ï¼Ÿ
#ãƒ™ã‚¤ãƒ–ãƒ¬ãƒ¼ãƒ‰ãƒãƒ¼ã‚¹ãƒˆã€€#ãƒ™ã‚¤ãƒ–ãƒ¬ãƒ¼ãƒ‰ https://t.co/NDDwSFzE9k","","","","https://twitter.com/vocarevoproj/status/766676050092765185/photo/1"
"765618743254802437","","","2016-08-16 18:38:27 +0000","<a href=""http://twitter.com"" rel=""nofollow"">Twitter Web Client</a>","ãƒ™ã‚¤ãƒ–ãƒ¬ãƒ¼ãƒ‰ãƒãƒ¼ã‚¹ãƒˆ
å„ãƒ‘ãƒ¼ãƒ„é‡é‡
ã“ã¡ã‚‰ï¼šhttps://t.co/tYIw8E0RtD
#ãƒ™ã‚¤ãƒ–ãƒ¬ãƒ¼ãƒ‰ãƒãƒ¼ã‚¹ãƒˆ ã€€#ãƒ™ã‚¤ãƒ–ãƒ¬ãƒ¼ãƒ‰ https://t.co/S7MrUQv2zD","","","","http://vocarevoproject.com/whatisthis/beyblade/,https://twitter.com/vocarevoproj/status/765618743254802437/photo/1"
"764411400408006656","","","2016-08-13 10:40:54 +0000","<a href=""http://twitter.com"" rel=""nofollow"">Twitter Web Client</a>","ãƒ™ã‚¤ãƒã€€æœªæ¥ã®æ–°ãƒ¬ã‚¤ãƒ¤ãƒ¼ï¼Ÿ
å‡ºå…¸ï¼š
https://t.co/ZOV5JQvpDT â€¦ã€€ï¼ˆç±³å›½ãƒ™ã‚¤ãƒ–ãƒ¬ãƒ¼ãƒ‰ãƒãƒ¼ã‚¹ãƒˆå•†æ¨™ï¼‰

å…¨ãƒ‘ãƒ¼ãƒ„ã‚«ã‚¿ãƒ­ã‚°ï¼š
https://t.co/tYIw8E0RtD

#ãƒ™ã‚¤ãƒ–ãƒ¬ãƒ¼ãƒ‰ãƒãƒ¼ã‚¹ãƒˆ #ãƒ™ã‚¤ãƒ–ãƒ¬ãƒ¼ãƒ‰ https://t.co/CIYkSjDcBq","","","","https://trademarks.justia.com/owners/tomy-company-ltd-125851/page5,http://vocarevoproject.com/whatisthis/beyblade/,https://twitter.com/vocarevoproj/status/764411400408006656/photo/1,https://twitter.com/vocarevoproj/status/764411400408006656/photo/1"
"763974111559168000","","","2016-08-12 05:43:16 +0000","<a href=""http://twitter.com"" rel=""nofollow"">Twitter Web Client</a>","ãƒ™ã‚¤ãƒ–ãƒ¬ãƒ¼ãƒ‰ãƒãƒ¼ã‚¹ãƒˆã€€ãƒ‘ãƒ¼ãƒ„ã¨æ™¯å“ã®ã‚«ã‚¿ãƒ­ã‚°ã€€ä¸€è¦§
https://t.co/tYIw8E0RtD
#ãƒ™ã‚¤ãƒ–ãƒ¬ãƒ¼ãƒ‰ #ãƒ™ã‚¤ãƒ–ãƒ¬ãƒ¼ãƒ‰ãƒãƒ¼ã‚¹ãƒˆ https://t.co/tlL8FS8ank","","","","http://vocarevoproject.com/whatisthis/beyblade/,https://twitter.com/vocarevoproj/status/763974111559168000/photo/1,https://twitter.com/vocarevoproj/status/763974111559168000/photo/1"
